exp_ID,block_gas_limit,minimal_block_delay,number_nodes_exp,avg_load_last_min
tezosExp_973,3949057,119,73,0.061449935355774116
tezosExp_1491,2719688,11,75,0.13320710924583493
tezosExp_1432,1186262,95,66,0.06452540042840244
tezosExp_1039,3189227,24,107,0.1418266222002635
tezosExp_1607,3775876,107,65,0.06780252439480729
tezosExp_1058,1779796,59,95,0.07979240330011786
tezosExp_1453,578832,13,89,0.06114665089775293
tezosExp_242,1999792,97,40,0.0714713709885794
tezosExp_649,3317265,15,8,0.01659995894909688
tezosExp_74,4487511,110,107,0.08357358450439249
tezosExp_628,2817954,25,35,0.037185912913162936
tezosExp_15,4345319,92,51,0.07323395077391526
tezosExp_223,634813,25,34,0.02907274522712311
tezosExp_280,3250115,52,31,0.03951088929219601
tezosExp_283,2914137,100,25,0.0874861646234676
tezosExp_688,3662365,52,11,0.037629740518962077
tezosExp_241,4497877,24,49,0.03549413204998311
tezosExp_77,756084,76,25,0.05227170512319124
tezosExp_16,2029757,42,47,0.03377224853975992
tezosExp_220,4080970,93,24,0.06925662325999102
tezosExp_1431,5556689,106,63,0.059393750563079974
tezosExp_1604,1050753,32,38,0.06317689618335438
tezosExp_1450,5304727,104,86,0.07053216489864049
tezosExp_970,5789567,19,92,0.20272180968536951
tezosExp_1099,2703315,59,73,0.09220818207204691
tezosExp_1492,5071176,85,116,0.11254972960870763
tezosExp_1325,214587,82,100,0.10648130258266483
tezosExp_1344,2654892,62,88,0.13864404447380008
tezosExp_1171,5741100,36,123,0.1921942739305582
tezosExp_898,1077123,106,125,0.0989403085431084
tezosExp_1386,4438547,32,118,0.2430218208123691
tezosExp_597,6249191,105,28,0.07692142238177767
tezosExp_760,3893421,53,32,0.052256313590116274
tezosExp_555,2548268,22,23,0.02530813721579577
tezosExp_534,587431,95,83,0.07024099318403117
tezosExp_701,4759739,98,22,0.06536717254095453
tezosExp_763,6009353,27,8,0.053315664556962024
tezosExp_556,934785,41,28,0.03657663007863696
tezosExp_368,4097834,20,102,0.19333963614063776
tezosExp_537,1525679,87,57,0.07272220015885623
tezosExp_309,101583,108,50,0.0484355754247978
tezosExp_702,321824,84,28,0.0403004626790791
tezosExp_594,3354195,91,94,0.07502251567324787
tezosExp_1385,4059672,113,82,0.14383079416531605
tezosExp_859,6103833,62,91,0.1501976321365172
tezosExp_838,845970,82,101,0.09681763785871703
tezosExp_1326,3900964,84,101,0.1353802197802198
tezosExp_1518,5686063,59,123,0.16127847986405558
tezosExp_1347,5200995,86,95,0.16602632654817748
tezosExp_1579,3083516,105,82,0.09143409455594056
tezosExp_1172,3066781,102,80,0.1014688381793645
tezosExp_1585,935673,83,117,0.08680407636738907
tezosExp_867,7111180,82,91,0.13454873525205577
tezosExp_1547,4067196,7,111,0.17912489176842925
tezosExp_1379,1512247,70,100,0.1357007007007007
tezosExp_1526,3205476,36,96,0.11469454419590706
tezosExp_1318,2728614,11,105,0.22482494655959326
tezosExp_337,524422,34,26,0.05235966274683825
tezosExp_102,6553425,85,16,0.06666008959044369
tezosExp_163,3883609,110,6,0.08783471074380164
tezosExp_356,3476238,16,16,0.016884997386304234
tezosExp_568,159455,40,64,0.06375254928619986
tezosExp_394,1122269,25,27,0.023153642064640618
tezosExp_397,2351629,99,43,0.06057600112803159
tezosExp_334,490260,22,84,0.08263302669552669
tezosExp_101,2973588,113,10,0.06481399317406143
tezosExp_160,1129603,57,32,0.053350175887432044
tezosExp_355,2112534,50,12,0.03247343028947
tezosExp_1544,5898077,80,124,0.14957637905582502
tezosExp_1525,6804452,65,122,0.1501333663188197
tezosExp_1586,5374869,59,67,0.11258437926009496
tezosExp_864,2752352,100,117,0.09546667408574168
tezosExp_1065,5251214,10,105,0.1572730535615682
tezosExp_1250,3978399,73,106,0.13578722126727732
tezosExp_1231,2606272,13,69,0.14422071728347957
tezosExp_1004,5446216,23,74,0.13819506726457398
tezosExp_1292,3944161,103,83,0.12642909922589723
tezosExp_483,6203839,107,82,0.0786816643755948
tezosExp_615,70607,31,13,0.015656498673740055
tezosExp_28,7161226,62,22,0.07970968655589124
tezosExp_420,2506707,87,25,0.046661413997010855
tezosExp_441,2134560,60,44,0.06444207339315679
tezosExp_674,4878859,93,28,0.044502297090352215
tezosExp_49,5957134,44,37,0.07917542131757496
tezosExp_616,2434999,110,11,0.06311920430750823
tezosExp_442,6863245,51,39,0.07618836291913214
tezosExp_677,6531487,98,18,0.07731010989010989
tezosExp_480,1377232,116,29,0.06876558019778806
tezosExp_88,4385682,30,29,0.023335007750157875
tezosExp_1291,5338600,38,102,0.19579012292243766
tezosExp_1066,5274282,50,118,0.17379455292498555
tezosExp_1253,5891933,60,100,0.16985114702815432
tezosExp_1232,3731800,68,65,0.11845690202120909
tezosExp_1007,7311532,16,64,0.13815450290084388
tezosExp_1045,698257,104,103,0.0784256323313783
tezosExp_1211,7416554,120,114,0.14512699209066227
tezosExp_1024,7325423,88,63,0.0925487395500468
tezosExp_696,4480304,90,47,0.07917713121357153
tezosExp_635,1026635,26,11,0.018227462303496953
tezosExp_400,1708785,116,55,0.0596580039981547
tezosExp_461,4023244,68,98,0.08683978922195651
tezosExp_654,2351655,26,30,0.0224165998128092
tezosExp_69,5522221,72,27,0.09189063649742457
tezosExp_636,747478,15,15,0.014839468422909561
tezosExp_403,5212264,25,23,0.04386742100768574
tezosExp_462,2198781,80,39,0.0641913560411311
tezosExp_657,4338800,101,26,0.06298191391941392
tezosExp_1084,5162689,86,72,0.09092523750516315
tezosExp_1046,1670222,84,76,0.0778153534783018
tezosExp_1273,1498133,90,120,0.11461377928654905
tezosExp_1212,3199504,96,88,0.10994102600540004
tezosExp_1619,329093,113,125,0.0805935734363022
tezosExp_1027,6880802,27,60,0.13360735171261487
tezosExp_847,3422280,65,110,0.12389573388648688
tezosExp_1567,84973,73,66,0.057534570823470785
tezosExp_1359,3932470,111,86,0.1377670570211337
tezosExp_885,7401164,30,84,0.1916346562837418
tezosExp_1506,7132674,64,66,0.11192917742530431
tezosExp_1338,1035026,108,38,0.11036148698158371
tezosExp_317,7227378,106,10,0.07762047343948146
tezosExp_529,4292104,105,22,0.063666111283323
tezosExp_122,6866835,108,14,0.0965196608946609
tezosExp_143,6173928,79,34,0.10307330890833842
tezosExp_376,4332244,110,24,0.06263600545537203
tezosExp_548,5850137,102,30,0.07839511861585112
tezosExp_181,6200756,86,42,0.09268816660769348
tezosExp_182,4933885,14,35,0.03596699956578376
tezosExp_589,3934204,24,26,0.07046718817905259
tezosExp_314,5330084,53,16,0.03536229652441707
tezosExp_121,1294649,54,7,0.04276334776334777
tezosExp_140,1521802,61,44,0.0831275697503671
tezosExp_375,2599486,50,33,0.031757391544625584
tezosExp_1564,2089158,32,91,0.10181001180384162
tezosExp_886,5455099,14,108,0.19940146713466833
tezosExp_1505,4227519,75,119,0.118838589416822
tezosExp_1398,3388939,38,72,0.17503873424369748
tezosExp_844,6808332,104,117,0.13726236051950766
tezosExp_1130,2428490,33,118,0.12845455862643532
tezosExp_1305,2662219,67,123,0.141769094727534
tezosExp_1364,5700521,34,78,0.19964386813989593
tezosExp_1151,2012161,79,109,0.09793589386123891
tezosExp_1598,6541042,73,43,0.09058990069109704
tezosExp_1193,497303,18,73,0.09223322703299398
tezosExp_782,1296309,71,24,0.05616154873164219
tezosExp_389,1164232,118,39,0.06655380274464538
tezosExp_740,3809149,31,32,0.03309638241215821
tezosExp_575,3259198,90,34,0.07116319444444444
tezosExp_514,2486332,38,29,0.02184281236005374
tezosExp_721,1452457,113,8,0.05858451719168211
tezosExp_743,3300369,20,47,0.025567853705486046
tezosExp_576,338758,12,31,0.01419704486626402
tezosExp_348,5515314,101,36,0.10370854084984635
tezosExp_517,3642003,83,32,0.061090757855822554
tezosExp_329,5123836,116,45,0.09264491505968778
tezosExp_722,6258609,15,19,0.023098499956646146
tezosExp_781,2961502,10,24,0.018790214821667182
tezosExp_1190,6279340,53,104,0.18699259516946626
tezosExp_879,2257102,118,86,0.10185578345330835
tezosExp_1133,500754,90,116,0.09002152654783886
tezosExp_1306,5489643,85,67,0.1343815428932762
tezosExp_1538,3616719,29,94,0.13840100084977813
tezosExp_1367,3245752,18,105,0.20660054885185034
tezosExp_1152,3764346,38,72,0.12403292181069958
tezosExp_953,3975032,10,91,0.194300962847695
tezosExp_1412,1696395,55,100,0.14856152276123483
tezosExp_1019,7300841,107,93,0.09457234216098019
tezosExp_1627,2125954,86,48,0.06728610665499975
tezosExp_991,1383329,22,95,0.07910875502617404
tezosExp_1078,6076538,82,108,0.12366749190451087
tezosExp_1473,4793196,105,86,0.07236339124573268
tezosExp_262,3734135,80,123,0.11380772235140241
tezosExp_669,6178241,99,11,0.07653418544849493
tezosExp_54,3600864,13,45,0.02672466758367721
tezosExp_608,4352479,90,75,0.08073296216405293
tezosExp_35,6645825,60,49,0.08520876727892446
tezosExp_203,2611808,29,81,0.09886093165589935
tezosExp_96,3884123,57,32,0.031585287846481874
tezosExp_95,1399140,50,33,0.03470755931579916
tezosExp_261,5551821,25,22,0.024676737160120844
tezosExp_57,735931,26,21,0.019658730158730157
tezosExp_36,2815384,91,42,0.07268787562707991
tezosExp_200,3741437,80,31,0.05910520136797509
tezosExp_1411,2556603,43,84,0.15474285092965098
tezosExp_1624,7111706,114,48,0.12221666612372545
tezosExp_992,5488394,105,122,0.1025717958572432
tezosExp_1470,3315209,33,110,0.13031333106034776
tezosExp_950,65537,71,78,0.06303862451108214
tezosExp_1457,369610,54,104,0.06663918414754329
tezosExp_1436,397358,33,96,0.054281727768079144
tezosExp_1208,4338373,115,63,0.11040456230633024
tezosExp_1603,6593875,75,126,0.1381922288642186
tezosExp_977,4838120,19,122,0.1720900562049879
tezosExp_1495,2575027,76,63,0.07852266549575546
tezosExp_284,613075,112,31,0.06152633363471971
tezosExp_11,2830634,33,110,0.1271680971691799
tezosExp_227,1442903,114,46,0.06806232858699328
tezosExp_419,6703957,112,36,0.07913763537906138
tezosExp_246,835561,101,55,0.08872461435041042
tezosExp_478,5193878,42,32,0.028847111178156585
tezosExp_70,7491042,49,27,0.06667287014061207
tezosExp_12,2708992,77,32,0.057964564732142856
tezosExp_224,3403941,70,33,0.059589180394549524
tezosExp_245,2233930,45,26,0.029862342342342342
tezosExp_73,1346092,106,121,0.0760822135867784
tezosExp_287,4196868,118,43,0.05519009831719262
tezosExp_974,182516,51,105,0.05389352990856681
tezosExp_1496,2539027,85,103,0.07573413789941778
tezosExp_1454,5094452,66,105,0.10979675405742821
tezosExp_1435,2532149,45,116,0.09485975589587536
tezosExp_1600,2357576,89,50,0.05391398713826367
tezosExp_1382,5843909,39,83,0.21143699210255237
tezosExp_1340,1755529,90,97,0.13412656747896654
tezosExp_1175,3632636,46,74,0.12018544300272875
tezosExp_1321,1504814,13,85,0.154768384803377
tezosExp_530,1071335,34,26,0.02186698717948718
tezosExp_705,7276918,46,32,0.08364566851265823
tezosExp_764,5452758,63,12,0.08915288379983036
tezosExp_551,6234238,34,44,0.08766239009510139
tezosExp_198,5518968,52,38,0.0509706828745084
tezosExp_593,4562006,36,53,0.06784069468267581
tezosExp_590,4319077,29,26,0.07027922926192032
tezosExp_533,3335394,102,41,0.05865978020923313
tezosExp_138,207109,58,54,0.04329796977560677
tezosExp_706,1580253,51,36,0.055191276053117584
tezosExp_159,3432256,75,117,0.11124154476182715
tezosExp_767,1607361,48,15,0.04223052113393312
tezosExp_552,3467224,44,42,0.057906719924812035
tezosExp_1343,2204368,108,116,0.12941513083230766
tezosExp_1176,4552738,80,40,0.08292320586949127
tezosExp_1117,6807198,118,90,0.10888064102996191
tezosExp_1322,2846020,49,77,0.1416812439261419
tezosExp_1381,2654153,86,111,0.13621788558256495
tezosExp_1129,4381066,98,89,0.09709413608080081
tezosExp_1522,311628,11,101,0.07170046801872075
tezosExp_1543,4063549,40,72,0.10888684150382813
tezosExp_1148,950230,58,72,0.09719035873365582
tezosExp_1581,6506554,68,107,0.16153990024937656
tezosExp_863,1247286,38,76,0.10515216057797165
tezosExp_802,7166427,77,73,0.11509299558505807
tezosExp_390,5288248,51,43,0.09610623781676413
tezosExp_759,5265167,57,22,0.06048064217758985
tezosExp_167,92441,39,7,0.019508854781582055
tezosExp_352,2712858,75,32,0.05252250603820537
tezosExp_333,80562,83,51,0.054280805687203795
tezosExp_738,6031866,9,7,0.02237077922077922
tezosExp_106,2927075,82,18,0.06682590557590558
tezosExp_164,1882871,10,18,0.012705573951434878
tezosExp_351,2287068,84,22,0.10178544776119403
tezosExp_330,4895916,98,41,0.04843268220961983
tezosExp_105,1173712,60,7,0.03406935641150658
tezosExp_393,371213,14,57,0.015935158084333087
tezosExp_1582,122083,35,119,0.05553710323695789
tezosExp_860,2211476,86,72,0.10218848159062206
tezosExp_1189,5020706,55,113,0.16482302246845185
tezosExp_801,5301015,10,79,0.17328912780610906
tezosExp_1521,7381135,74,117,0.13798845658975933
tezosExp_1540,808764,64,81,0.08851832916761342
tezosExp_1296,577245,116,106,0.12031707941383503
tezosExp_1235,7119738,112,61,0.13516713420548987
tezosExp_1000,7052673,105,94,0.0875510676124304
tezosExp_1061,29991,47,84,0.02420660476261794
tezosExp_988,4385770,41,16,0.029994693396226416
tezosExp_1254,3406356,29,76,0.14338568555145825
tezosExp_445,5531775,62,6,0.051077884104199896
tezosExp_670,5949005,48,11,0.04319354106791711
tezosExp_611,725008,103,27,0.053973174108688134
tezosExp_424,975194,25,18,0.014454700914357507
tezosExp_487,901406,23,9,0.013932445759368837
tezosExp_484,5524851,109,15,0.07531361122086132
tezosExp_446,5295590,117,12,0.07227703604806408
tezosExp_278,3043344,57,28,0.061655885897950985
tezosExp_673,5961128,119,23,0.10015431068997731
tezosExp_612,6596092,8,20,0.02403947260330239
tezosExp_427,1394585,10,19,0.009851208209202251
tezosExp_219,5018334,41,23,0.035313437031484256
tezosExp_1236,4307771,37,19,0.027325104472991798
tezosExp_1408,1609539,112,67,0.1555814911706998
tezosExp_1003,2922356,102,124,0.06909057460714342
tezosExp_1062,5052538,99,60,0.08387661843107387
tezosExp_1257,4198944,56,119,0.15985021850476952
tezosExp_1469,7386845,107,88,0.09380831046648373
tezosExp_949,1332399,63,89,0.1209769519385385
tezosExp_1295,1983249,87,61,0.1308533149275746
tezosExp_928,6220371,17,72,0.2188245523832567
tezosExp_1083,623534,111,122,0.08048456043239482
tezosExp_1488,3158218,49,72,0.07971029683045447
tezosExp_1215,6101994,30,123,0.18562948226347287
tezosExp_1020,4019816,99,79,0.0719399425582111
tezosExp_1041,6737132,109,80,0.09253026758598047
tezosExp_1274,1682665,27,66,0.12019786373047243
tezosExp_465,2399499,78,9,0.05670687220522476
tezosExp_650,1036330,61,13,0.03336139240506329
tezosExp_631,1720466,52,12,0.04013741916519695
tezosExp_404,2995813,100,6,0.06881930854533594
tezosExp_692,7176443,82,10,0.06711246081504703
tezosExp_466,2333158,92,20,0.06182252109704641
tezosExp_258,5069856,79,25,0.051391458333333334
tezosExp_653,969504,98,30,0.0603396711889327
tezosExp_632,768784,75,9,0.0467027346055479
tezosExp_407,5768117,21,7,0.03098149186763881
tezosExp_239,3679515,33,50,0.08702278043323503
tezosExp_1216,5658072,111,100,0.12886860835055267
tezosExp_1428,7295959,109,66,0.17626804034081028
tezosExp_1023,6810495,40,99,0.1266343534493337
tezosExp_1042,6420726,95,113,0.11186819137666609
tezosExp_1277,4620005,43,121,0.19817689393939392
tezosExp_1449,5384258,8,79,0.15080676687589473
tezosExp_1080,2496380,50,97,0.09214318134928823
tezosExp_969,1420067,78,115,0.12239555248679336
tezosExp_908,484989,118,126,0.09769755884801946
tezosExp_1502,6204026,105,37,0.09419895852880465
tezosExp_1563,483762,72,112,0.08082022401991287
tezosExp_881,3617698,101,110,0.10732900800388066
tezosExp_1168,2909822,13,110,0.217032577601298
tezosExp_843,1794615,58,62,0.09810549157068937
tezosExp_185,3773697,57,74,0.09378381845321392
tezosExp_779,289797,62,54,0.06384041916167664
tezosExp_147,3501438,118,31,0.0655791500592481
tezosExp_372,6994610,76,37,0.12168320832794517
tezosExp_313,1954002,71,6,0.03496132208157525
tezosExp_718,5439589,81,21,0.06924890436688057
tezosExp_126,5093387,65,18,0.04113883167946077
tezosExp_144,7092484,60,32,0.06783070979854142
tezosExp_371,566142,112,27,0.062344794493348336
tezosExp_125,6756522,91,17,0.06981034311781038
tezosExp_186,4459033,16,41,0.05139890761841981
tezosExp_840,6341343,73,90,0.1327138404635042
tezosExp_1501,3860662,8,90,0.1768007970497264
tezosExp_1560,735059,84,124,0.08080620916922009
tezosExp_882,260629,50,70,0.09632812939521801
tezosExp_1197,1099975,61,117,0.10279685083649655
tezosExp_1360,1720253,47,85,0.1358679459352802
tezosExp_1155,1716228,81,85,0.10023920246468639
tezosExp_1134,7194152,46,92,0.1687015006351895
tezosExp_1301,2604719,71,103,0.13140881381421704
tezosExp_725,6399013,22,35,0.028130830903790087
tezosExp_744,7438700,91,39,0.09425633390531947
tezosExp_571,5396298,119,21,0.06929038832868484
tezosExp_786,2068626,21,94,0.12532252806954003
tezosExp_785,6202547,118,30,0.08137900904605262
tezosExp_118,2401501,67,120,0.09238180532924375
tezosExp_726,2569895,117,32,0.056683575651062475
tezosExp_179,1108693,119,38,0.06258663366336634
tezosExp_747,225883,42,28,0.025517738726790452
tezosExp_572,3778923,109,14,0.053208931248661384
tezosExp_1363,251065,74,77,0.12731118059634453
tezosExp_1156,4456292,104,95,0.10034839325485205
tezosExp_1137,7201343,90,103,0.14047720412471865
tezosExp_1302,4108021,65,79,0.14286528652865288
tezosExp_9,5320507,109,24,0.07340368630285507
tezosExp_1194,3401053,76,99,0.11795195137555982
tezosExp_995,2656481,13,119,0.177355287420829
tezosExp_1477,6374176,110,108,0.09882850652617871
tezosExp_1249,2143923,64,102,0.11446607384199532
tezosExp_1416,6251015,108,106,0.17459053105507527
tezosExp_1228,6628713,64,72,0.14480860194545106
tezosExp_1623,6273480,17,38,0.03915047123821905
tezosExp_936,7084218,97,67,0.14225994220448604
tezosExp_957,7089601,10,75,0.2008686074281479
tezosExp_92,6842008,97,36,0.08996332962191993
tezosExp_31,5079106,59,27,0.04650736025462503
tezosExp_207,7304810,112,11,0.08639610389610389
tezosExp_439,5417264,33,41,0.039613720458343285
tezosExp_266,5445812,97,9,0.08862848940803801
tezosExp_458,2975940,60,26,0.03834782174260592
tezosExp_50,1899060,112,22,0.08176664272030651
tezosExp_32,1813257,61,30,0.03849705128968845
tezosExp_204,2402284,49,41,0.08490270851667155
tezosExp_265,1865706,59,10,0.03845329181494662
tezosExp_53,41520,77,92,0.024575083678447837
tezosExp_499,5440079,69,16,0.05518296287538425
tezosExp_91,3258951,81,82,0.08324052465215208
tezosExp_935,315830,116,96,0.10544377758164167
tezosExp_954,335429,20,102,0.09739594235568795
tezosExp_1288,1702323,71,109,0.1239459662191873
tezosExp_996,7382432,62,111,0.13211434922706694
tezosExp_1415,2720160,118,123,0.1397587549979319
tezosExp_1620,5169232,15,29,0.02815060280010371
tezosExp_191,4081060,119,23,0.09045151671329701
tezosExp_153,3863930,37,17,0.02458399737508203
tezosExp_366,153393,87,18,0.0377450893253933
tezosExp_558,3660101,29,35,0.0733212580273341
tezosExp_307,4384912,100,7,0.04910075516693164
tezosExp_539,558857,37,37,0.026834569664577958
tezosExp_132,7096752,71,71,0.10959549210333648
tezosExp_1516,3561305,13,108,0.17650506498095725
tezosExp_1328,605137,31,94,0.1163592750533049
tezosExp_1577,6399647,53,67,0.12714708173100325
tezosExp_1349,6989872,101,84,0.16152083592357744
tezosExp_895,5979632,12,93,0.19152111534955948
tezosExp_857,1110685,82,84,0.0991079067601781
tezosExp_836,2486306,26,119,0.15627619362178427
tezosExp_854,1129354,103,81,0.09882241420686345
tezosExp_835,335005,88,106,0.08416954834900688
tezosExp_1515,7109800,45,87,0.1601828468350279
tezosExp_1574,3342790,28,98,0.13787124130684947
tezosExp_896,3297725,32,66,0.1191908537993687
tezosExp_150,5766255,47,13,0.04248559166155733
tezosExp_365,5470236,97,15,0.07744903948772679
tezosExp_304,3896059,109,17,0.04895428174538323
tezosExp_131,4001296,12,33,0.048215928253870916
tezosExp_192,5116064,11,26,0.019780293159609122
tezosExp_599,7214801,73,54,0.08769110233001771
tezosExp_471,425555,14,33,0.020714249518597343
tezosExp_644,2964074,21,21,0.016180575591459894
tezosExp_79,5952440,31,40,0.03497388920946336
tezosExp_625,4091139,33,58,0.08088637157324952
tezosExp_18,1144912,21,27,0.026149245582688108
tezosExp_410,86854,82,124,0.027074221371333834
tezosExp_686,2269057,14,24,0.03021932830705963
tezosExp_1097,1947731,88,104,0.08683233513300836
tezosExp_1201,7037251,7,111,0.1985366499540993
tezosExp_1034,4518148,9,86,0.15432339864550482
tezosExp_1055,5603818,110,123,0.10572325656827765
tezosExp_1260,6237901,112,110,0.1518948690858358
tezosExp_1202,91298,65,79,0.06726654267815192
tezosExp_1609,4588031,48,33,0.048240070251283435
tezosExp_1037,5294132,43,120,0.1470706280235536
tezosExp_1056,7180269,99,81,0.09654208318457694
tezosExp_1094,1179152,54,123,0.08696214296508992
tezosExp_685,5277755,40,24,0.08930840163934427
tezosExp_472,6675916,47,31,0.07938864274908149
tezosExp_647,7280029,109,10,0.09984320987654322
tezosExp_626,328355,26,44,0.043618859044995406
tezosExp_413,6883963,42,39,0.03999768375540457
tezosExp_86,7433547,107,36,0.10079514949551052
tezosExp_618,4149649,45,122,0.16827946422485288
tezosExp_25,2685544,88,43,0.06017504917858472
tezosExp_213,1693004,102,20,0.07141377690468055
tezosExp_272,3038120,83,16,0.07608088235294118
tezosExp_679,1421371,16,20,0.012875394944707741
tezosExp_44,141828,76,26,0.037509178092455235
tezosExp_981,1818426,80,65,0.06341591302674619
tezosExp_1068,4749945,34,67,0.11440652574739893
tezosExp_1463,493576,66,118,0.06920601781556837
tezosExp_1402,1656930,46,125,0.14914064070772737
tezosExp_1009,4580976,37,33,0.045534323622728586
tezosExp_943,406876,20,114,0.10002813679930295
tezosExp_940,7372908,112,82,0.13826727949052525
tezosExp_982,4264227,87,96,0.07116170124385572
tezosExp_1460,173977,16,34,0.013628003003003004
tezosExp_1401,5932082,51,113,0.24918786521029918
tezosExp_26,1749433,25,42,0.029931605041514844
tezosExp_210,6271703,105,13,0.0706326767091541
tezosExp_271,5242376,66,32,0.058704205160879264
tezosExp_47,3273026,47,36,0.03942083260755966
tezosExp_85,3534743,7,6,0.01830058939096267
tezosExp_504,675874,75,21,0.038231922398589066
tezosExp_731,3413044,44,126,0.14583903895649566
tezosExp_750,6778712,25,32,0.048463792282039064
tezosExp_565,6181281,44,23,0.09295710374201399
tezosExp_792,1844362,19,57,0.02765718406421136
tezosExp_399,949853,88,49,0.04635498223709171
tezosExp_1588,2859761,77,97,0.09400040268456375
tezosExp_1183,1407701,24,70,0.1007135518590998
tezosExp_1374,1037783,72,79,0.1445275038920602
tezosExp_1141,2677633,114,85,0.09399784950683401
tezosExp_1120,1752120,56,61,0.0954177897574124
tezosExp_1315,3256513,76,86,0.1342393736017897
tezosExp_1377,2937718,15,89,0.20288412335039052
tezosExp_1549,4019777,43,121,0.15771709798717098
tezosExp_1142,66476,21,67,0.05386768082663605
tezosExp_1123,2183358,108,70,0.0932929897507879
tezosExp_1316,1406194,34,92,0.12661709438419413
tezosExp_1528,7283884,73,117,0.16825395898708312
tezosExp_1180,3007345,46,77,0.1113955488955489
tezosExp_869,4008676,33,108,0.15915493289750762
tezosExp_791,4726980,61,32,0.04989079189686925
tezosExp_507,5567028,106,16,0.06595115740740741
tezosExp_339,1378497,61,25,0.05944159659025459
tezosExp_732,2846416,74,46,0.08259776536312849
tezosExp_753,3255903,51,28,0.026642086522108845
tezosExp_566,3050774,30,29,0.042615444899927656
tezosExp_358,5007562,98,15,0.056240245261984394
tezosExp_711,4184329,13,19,0.016402714932126698
tezosExp_770,5259284,68,22,0.05228656126482213
tezosExp_545,5946619,37,29,0.04701925847661127
tezosExp_587,1562621,89,89,0.07498577066100022
tezosExp_1396,497395,9,95,0.1314258084971465
tezosExp_1354,6658870,16,104,0.2253610371719436
tezosExp_1161,3204181,48,93,0.12623805829999182
tezosExp_888,1642756,30,61,0.10412433661865049
tezosExp_1100,4516609,101,83,0.08809513274336284
tezosExp_1335,3281341,34,78,0.15372634664499651
tezosExp_1357,2738414,60,92,0.1373736943275787
tezosExp_1569,1857678,28,100,0.09967560771165129
tezosExp_1162,1202065,92,95,0.0994115357314588
tezosExp_1103,506761,29,101,0.07831786873114362
tezosExp_1336,845741,119,62,0.13568521528295854
tezosExp_1508,775509,29,123,0.07610385659458954
tezosExp_1395,5559806,79,71,0.1630199559971123
tezosExp_849,7178616,92,79,0.11408735831076336
tezosExp_584,3858293,92,17,0.047984336914326985
tezosExp_319,1180797,17,19,0.014509395459569766
tezosExp_712,7338188,78,16,0.0714686881071395
tezosExp_773,3099036,53,115,0.1169433633166119
tezosExp_546,5330064,9,26,0.021543354191019735
tezosExp_378,2150479,106,45,0.08154753571869724
tezosExp_290,5968487,39,11,0.035547507178282436
tezosExp_638,4438522,68,45,0.053558623726254875
tezosExp_233,1790048,87,8,0.0607756006531374
tezosExp_252,749158,56,38,0.055163414834938675
tezosExp_659,1818776,47,33,0.056243361449547016
tezosExp_64,184980,75,36,0.040055647273141294
tezosExp_1048,4965810,116,75,0.07774440986629783
tezosExp_1443,3538602,120,124,0.06954867752786756
tezosExp_1422,7304754,42,47,0.03689194210203224
tezosExp_1029,789667,50,122,0.07663691746855397
tezosExp_1617,460505,8,91,0.02761342842655261
tezosExp_902,1461860,56,73,0.11104514927202314
tezosExp_963,7334530,70,121,0.18943439206436397
tezosExp_1481,1642951,18,101,0.10990364214992927
tezosExp_901,1824277,10,117,0.19355021537066425
tezosExp_960,3828775,106,89,0.12019097923353242
tezosExp_1089,1212349,106,73,0.09076912824939073
tezosExp_1440,1529920,120,81,0.06545096989415593
tezosExp_1421,6784927,120,41,0.17184955735822496
tezosExp_1614,5232721,60,62,0.059720653154222245
tezosExp_230,3311451,64,27,0.03486800642130924
tezosExp_251,1515595,63,45,0.08634068303540376
tezosExp_67,1059787,46,26,0.03633281478770132
tezosExp_293,3065282,100,15,0.0454592276734381
tezosExp_698,3402060,53,29,0.053024642588412337
tezosExp_451,6263503,23,19,0.028651129308017637
tezosExp_664,1960062,40,29,0.056275363361634766
tezosExp_59,5699226,32,14,0.03127777777777778
tezosExp_605,4848711,10,52,0.14073975220772375
tezosExp_38,359284,38,22,0.0339140345929686
tezosExp_430,6541196,115,55,0.07682603570709828
tezosExp_493,6323696,23,35,0.030255901399623985
tezosExp_1282,6023155,27,60,0.17869132141663882
tezosExp_1221,3671597,28,39,0.027245994044242765
tezosExp_1014,1436852,73,80,0.07008583176289189
tezosExp_1075,7206048,86,78,0.11219850931036263
tezosExp_1240,5720127,18,9,0.02595755946562398
tezosExp_1629,2392819,36,6,0.026004761904761906
tezosExp_1017,478967,116,88,0.06859085837405256
tezosExp_1243,5436984,78,80,0.13784630423998365
tezosExp_1281,5821574,22,106,0.24606007710141803
tezosExp_490,6237702,120,36,0.08512056453314207
tezosExp_98,6427241,63,57,0.08305190826330532
tezosExp_452,381649,12,11,0.012093240093240093
tezosExp_667,1545033,118,15,0.07962691538974018
tezosExp_606,3261575,9,52,0.08473346072746442
tezosExp_384,5353352,113,7,0.0743285311303647
tezosExp_173,5762971,75,13,0.06925835275835276
tezosExp_346,2914432,55,39,0.0939698314108252
tezosExp_578,99453,105,27,0.06206863022417085
tezosExp_327,5188456,117,33,0.07201344126317893
tezosExp_112,6589042,111,66,0.09510230099502488
tezosExp_1536,1570673,32,86,0.08148657718120805
tezosExp_1308,3290136,48,75,0.13606054805010118
tezosExp_1557,1900095,48,95,0.08878055099749546
tezosExp_1369,5417155,30,79,0.20730767384940252
tezosExp_1595,3378499,60,27,0.07003004115226337
tezosExp_877,4287749,15,66,0.1567550505050505
tezosExp_3,3135438,116,24,0.07910961077422084
tezosExp_1596,1424733,89,99,0.06774216012220326
tezosExp_874,6224056,55,92,0.17091397924067497
tezosExp_1535,6523972,30,81,0.1668406869645658
tezosExp_1554,6644609,99,93,0.1160889752056651
tezosExp_170,6373018,69,53,0.0755233711408372
tezosExp_345,6653293,87,78,0.11388213899797063
tezosExp_324,6700675,86,111,0.13657635693805426
tezosExp_111,3740832,77,9,0.05244149369149369
tezosExp_387,6513045,114,28,0.07908507291964541
tezosExp_303,2530225,107,11,0.04872005044136192
tezosExp_708,907678,107,34,0.08218810784525611
tezosExp_136,362066,98,104,0.07515270009643202
tezosExp_769,5118889,37,30,0.0351004988688439
tezosExp_157,6976268,59,33,0.04890874524714829
tezosExp_362,1606760,38,18,0.02970752955818295
tezosExp_195,912897,30,33,0.027139906609195404
tezosExp_832,711977,77,103,0.09172478793590952
tezosExp_853,1554207,44,101,0.09908940030980307
tezosExp_1573,5580121,105,100,0.10621601555594838
tezosExp_891,649478,92,120,0.1008055293720099
tezosExp_1178,7020614,99,125,0.15442129870731058
tezosExp_1119,788934,29,104,0.09043752419934731
tezosExp_1512,7340258,33,119,0.18123374469214437
tezosExp_1570,7446603,25,111,0.19265585908101623
tezosExp_892,2478619,87,86,0.10681765132002576
tezosExp_1511,796556,33,64,0.08473399964144855
tezosExp_831,1464024,47,124,0.0912602649454226
tezosExp_850,2004321,45,118,0.11063222606448007
tezosExp_196,944135,83,28,0.06762857384537303
tezosExp_300,2932284,57,30,0.03781066470902295
tezosExp_135,2282141,7,32,0.013255089482590637
tezosExp_154,3151005,62,18,0.03363541758923036
tezosExp_361,4698595,73,111,0.12669090852942994
tezosExp_289,3148425,39,20,0.026205392403245494
tezosExp_682,4353818,9,30,0.025976780659475174
tezosExp_621,1599436,8,21,0.011455335968379447
tezosExp_414,5742876,22,36,0.031983356660378506
tezosExp_475,4374906,96,36,0.059658557095633016
tezosExp_640,5292765,25,7,0.02789753032928943
tezosExp_1051,117093,32,70,0.05982292893600314
tezosExp_1205,944464,119,116,0.10200407264083947
tezosExp_1030,6645272,45,125,0.14589216566792798
tezosExp_1093,2020147,42,96,0.09397957941878012
tezosExp_1498,2624381,66,75,0.07864981803477558
tezosExp_1090,4769051,35,119,0.17062102902703377
tezosExp_979,691695,13,103,0.07337404739534398
tezosExp_1459,7428111,39,106,0.15033451771840062
tezosExp_1206,1676032,92,119,0.1039419491060656
tezosExp_1438,112309,64,122,0.03443109237333064
tezosExp_1033,3151741,34,78,0.09833172987399913
tezosExp_622,3670765,84,6,0.05056317539484621
tezosExp_417,3014978,17,43,0.03703640844415512
tezosExp_229,7059824,110,22,0.08850802626778548
tezosExp_476,3493602,33,30,0.026498434237995826
tezosExp_248,235981,10,27,0.013114511524267113
tezosExp_643,4554436,89,10,0.0477927382753404
tezosExp_681,6473145,86,11,0.06528759155536407
tezosExp_276,7148001,65,11,0.06688853829097732
tezosExp_448,7123410,45,19,0.0414822748655914
tezosExp_40,857380,95,29,0.06111435696473103
tezosExp_21,4210609,28,35,0.026721712125303807
tezosExp_217,2400841,11,21,0.014526153095257463
tezosExp_82,2454724,60,11,0.04222867870552476
tezosExp_947,2408490,107,103,0.11346323903253923
tezosExp_1406,549387,34,90,0.13671737124401637
tezosExp_1238,4168124,43,6,0.03117546432062561
tezosExp_985,5299435,100,17,0.07827330743618202
tezosExp_1467,6779067,89,70,0.09032430178042396
tezosExp_1259,5752589,91,95,0.1395648437170456
tezosExp_1405,1934145,25,100,0.1726025022610793
tezosExp_1630,7325556,24,73,0.09617814810686286
tezosExp_986,3753214,73,13,0.04543794558416994
tezosExp_1464,4478714,49,101,0.12546982675339732
tezosExp_944,7312570,72,111,0.18949941951166419
tezosExp_1298,1462609,45,47,0.10620391883519208
tezosExp_489,2064524,111,8,0.052420539033457246
tezosExp_81,71415,18,10,0.013019306930693069
tezosExp_275,3411885,82,7,0.054624095416778345
tezosExp_43,4593081,103,32,0.06511171571011673
tezosExp_22,7293671,29,31,0.03438175490016487
tezosExp_214,3625463,19,9,0.018846700796359497
tezosExp_754,2160222,79,33,0.06540437952203464
tezosExp_561,7057030,33,117,0.1619299153419405
tezosExp_500,4387707,8,17,0.01747125795289653
tezosExp_735,3099361,69,15,0.05025727272727273
tezosExp_1124,1760993,102,70,0.09293022668611829
tezosExp_1311,6316608,77,117,0.19789819507221232
tezosExp_1370,6462770,101,90,0.171158814883577
tezosExp_1145,7311529,68,81,0.15195907319185795
tezosExp_1187,5538613,28,76,0.1630282583920431
tezosExp_1184,5742898,101,101,0.11899389855784095
tezosExp_1127,2151207,65,92,0.09559198192166053
tezosExp_1312,2824582,118,108,0.12354233772763697
tezosExp_1373,806972,97,96,0.1358177905308465
tezosExp_1146,2948145,90,121,0.09924450896238324
tezosExp_169,6185534,52,51,0.08133705250912167
tezosExp_757,4891754,102,88,0.08224212466487935
tezosExp_562,3536863,12,46,0.03480570038234272
tezosExp_503,4196306,47,8,0.030163759510113197
tezosExp_108,5335170,23,19,0.023216079188797683
tezosExp_736,3081356,108,13,0.07040594405594405
tezosExp_188,7020120,82,84,0.11640995558009384
tezosExp_583,5319311,112,8,0.06955809049079754
tezosExp_774,2776993,14,54,0.04992071322855734
tezosExp_541,6639896,77,45,0.09555150733940128
tezosExp_520,6926412,97,35,0.06659149865744322
tezosExp_715,5543988,119,8,0.08119971671388101
tezosExp_1104,617435,83,117,0.08477196322248774
tezosExp_1331,6139344,102,70,0.15053088778003013
tezosExp_1350,3780445,118,93,0.13403815304969194
tezosExp_1165,5011588,19,108,0.21086374470338984
tezosExp_1392,3504014,105,114,0.14765038742243514
tezosExp_1332,4417436,14,117,0.23916613706175197
tezosExp_1353,1628536,23,82,0.12912101744943139
tezosExp_1166,2861843,22,74,0.13582101396698712
tezosExp_149,6782274,114,10,0.1070577229299363
tezosExp_777,3910838,115,62,0.08398888545847484
tezosExp_542,4394273,62,59,0.044833232992173386
tezosExp_523,2769174,10,36,0.018238553779069765
tezosExp_128,354867,21,53,0.018587490023942537
tezosExp_716,5049685,12,10,0.016633484162895926
tezosExp_580,223845,43,28,0.026006710266366917
tezosExp_256,2042346,76,29,0.07766805665396506
tezosExp_468,4026508,17,21,0.021589854780153288
tezosExp_60,5309491,47,7,0.041125763125763125
tezosExp_237,3327498,15,58,0.07975768268715383
tezosExp_409,1378163,54,6,0.03728962818003914
tezosExp_294,6712272,80,20,0.05443454088952654
tezosExp_967,990753,49,80,0.1285708269525268
tezosExp_1485,3006531,74,64,0.07555821743554952
tezosExp_906,1846589,113,97,0.10654512747461464
tezosExp_1426,2184847,44,121,0.16970284197858487
tezosExp_1218,6291929,41,78,0.15899254180199687
tezosExp_1613,7427504,58,64,0.12044572663325824
tezosExp_1447,5039470,68,121,0.13548209940910672
tezosExp_1279,4907397,62,110,0.17863543788187375
tezosExp_1425,5887589,107,108,0.17766822422794173
tezosExp_1610,6651420,102,93,0.09465142364106989
tezosExp_964,3962143,66,84,0.1297338999021491
tezosExp_1486,5742210,97,119,0.11679303352885799
tezosExp_905,1995526,21,98,0.1474716763410029
tezosExp_297,1376915,75,45,0.07720121381886089
tezosExp_255,352074,10,118,0.09089134088094818
tezosExp_63,5229323,95,35,0.06150757221377616
tezosExp_234,5737099,34,9,0.03986869420801329
tezosExp_497,6988756,96,16,0.08626330731014904
tezosExp_601,2905685,84,50,0.06304417871974796
tezosExp_434,4619714,48,25,0.027813898045679304
tezosExp_455,3181947,23,11,0.020883909119203237
tezosExp_660,1932853,10,25,0.023168384879725088
tezosExp_1071,5970189,59,106,0.146624522800688
tezosExp_998,3956459,90,85,0.06590719403690193
tezosExp_1244,282766,110,107,0.09615075038754407
tezosExp_1225,4658614,29,73,0.1568050250263435
tezosExp_1010,2772987,27,32,0.03479001388337961
tezosExp_1286,5660134,76,67,0.1300880531671531
tezosExp_938,5799062,11,86,0.20081791744082722
tezosExp_959,4041142,43,75,0.149902165755334
tezosExp_1285,2918819,24,82,0.1601596062052506
tezosExp_1072,2212017,81,94,0.08246068892979228
tezosExp_1247,6538511,36,94,0.2036837628936124
tezosExp_1479,1977743,44,82,0.07981032135076253
tezosExp_1226,291484,7,86,0.08785922330097087
tezosExp_1418,1633263,90,61,0.15795793387525972
tezosExp_1013,6902602,69,82,0.10528494084324197
tezosExp_602,6075360,118,26,0.09692729584294246
tezosExp_209,2022875,54,20,0.02853815789473684
tezosExp_456,2373133,96,18,0.05382808036564464
tezosExp_268,2920692,52,7,0.03366180981595092
tezosExp_663,4654869,30,35,0.06360230806027266
tezosExp_494,5636640,99,25,0.07965154826958105
tezosExp_323,2071751,27,20,0.017608748382923672
tezosExp_728,2107219,90,75,0.08519381397418781
tezosExp_116,4159653,111,44,0.0824733978477353
tezosExp_749,5206531,63,26,0.07493083352955027
tezosExp_177,5451383,31,103,0.17051851041125127
tezosExp_342,5702323,75,66,0.10108767330075874
tezosExp_380,2275656,37,17,0.024377645886942807
tezosExp_7,4191436,58,38,0.0656128209797851
tezosExp_1591,4847828,96,118,0.12358635496922815
tezosExp_873,1058013,11,84,0.11844589231379812
tezosExp_1553,6295512,12,77,0.18262047316623842
tezosExp_1158,891009,30,95,0.0928139138609789
tezosExp_1139,6853578,66,94,0.1585819317749905
tezosExp_1532,7028783,108,121,0.11834665943462447
tezosExp_1550,2725566,28,63,0.08772266439264734
tezosExp_1531,5836577,89,68,0.08127010712745845
tezosExp_4,3139972,80,26,0.0417886866059818
tezosExp_870,2303716,109,63,0.10455619663723519
tezosExp_1199,7336810,32,119,0.2061222449548963
tezosExp_788,5184718,66,57,0.07441947665142006
tezosExp_383,2305101,18,20,0.013936083856850428
tezosExp_320,990679,31,6,0.02241182014001077
tezosExp_115,178668,22,22,0.014372176709287192
tezosExp_174,7183413,63,14,0.06932178932178931
tezosExp_341,1326446,106,56,0.07746240227905128
tezosExp_1026,2072689,90,102,0.07132809771219001
tezosExp_1618,1672581,98,35,0.07692872718925743
tezosExp_1213,1369293,36,118,0.10148661172016721
tezosExp_1272,3716008,77,114,0.14178620183785326
tezosExp_1047,4605587,75,87,0.095355735519949
tezosExp_1085,2578437,22,103,0.1445476504751848
tezosExp_694,4709602,120,55,0.07712477272727272
tezosExp_656,3948642,39,33,0.031627763387747726
tezosExp_463,5068284,25,48,0.03982225939672748
tezosExp_402,5537029,49,23,0.06833120113717128
tezosExp_637,4993259,105,72,0.07954089726918075
tezosExp_68,6787884,38,32,0.046620048773278154
tezosExp_655,1250786,73,31,0.06042898745519713
tezosExp_460,3544027,116,30,0.06030870971468176
tezosExp_401,5750450,28,30,0.05327985156079458
tezosExp_634,4248082,112,21,0.05873319892473118
tezosExp_697,2709056,8,37,0.018727948284195266
tezosExp_1086,6424929,62,76,0.12284771422179135
tezosExp_1025,1885982,86,107,0.07190566283924844
tezosExp_1271,587514,20,92,0.11807436948578558
tezosExp_1044,851914,12,123,0.1325452731170079
tezosExp_845,1201704,16,85,0.10885959470636891
tezosExp_1399,5677163,76,94,0.18575289551950092
tezosExp_887,4186172,115,86,0.10658301560824496
tezosExp_1565,1881406,82,122,0.08821439996800895
tezosExp_374,690291,90,31,0.0790941922602619
tezosExp_141,4661597,16,41,0.0311154845312131
tezosExp_120,4507003,68,40,0.07563890116364708
tezosExp_315,5385154,43,16,0.02893702172574545
tezosExp_588,7453694,86,73,0.10267484155414715
tezosExp_183,6320892,54,31,0.09282176516787748
tezosExp_180,2451295,7,44,0.023155550204671322
tezosExp_549,4584770,67,50,0.05542471199091351
tezosExp_377,306405,11,51,0.017142999890992335
tezosExp_142,3479580,57,71,0.08657028579919758
tezosExp_123,1085729,59,6,0.03517681728880157
tezosExp_316,3318028,93,10,0.0451843366699563
tezosExp_1339,752624,68,112,0.1265589829633454
tezosExp_1507,2473020,81,124,0.08151772731799621
tezosExp_884,881158,99,110,0.09669469783352337
tezosExp_1358,594944,112,103,0.12702104530828767
tezosExp_1566,2712982,100,101,0.08873924251437636
tezosExp_846,5905042,77,68,0.10623794892552252
tezosExp_1558,3715105,47,80,0.10429809165966282
tezosExp_1366,267518,16,124,0.10278311317386647
tezosExp_1539,492352,7,74,0.07012300762300762
tezosExp_1307,5384085,87,117,0.16917634579469873
tezosExp_1132,3364871,117,80,0.09303612766322286
tezosExp_1191,2419458,119,78,0.10581732431497969
tezosExp_878,752326,94,107,0.09965320658120994
tezosExp_780,3953794,76,32,0.08526597382602001
tezosExp_723,2631606,28,98,0.1199571600087317
tezosExp_328,1627599,46,25,0.027917463878076136
tezosExp_349,2824817,85,32,0.049216373396957946
tezosExp_577,214828,49,31,0.03358264462809917
tezosExp_742,1456785,87,35,0.056818761114404266
tezosExp_720,1741586,34,6,0.023275862068965515
tezosExp_515,5325115,48,34,0.053628852321851904
tezosExp_574,901031,104,7,0.04659830798886271
tezosExp_741,95402,87,31,0.05339680096372641
tezosExp_388,4602841,96,38,0.07894402985074626
tezosExp_783,5574205,82,35,0.0670413419627526
tezosExp_1192,6556127,60,82,0.15755879960687294
tezosExp_1599,4046769,100,76,0.09447720967102655
tezosExp_1150,591183,28,90,0.0869574843521108
tezosExp_1365,392572,98,125,0.11699350362455205
tezosExp_1304,2447763,120,72,0.13126554791188938
tezosExp_1131,3297162,41,82,0.11727003090166649
tezosExp_951,1999041,37,77,0.12592744990014462
tezosExp_1471,3617600,34,86,0.10627171778214232
tezosExp_993,3132159,72,89,0.06862959199624824
tezosExp_1625,7069043,104,78,0.07359690862100055
tezosExp_1410,4198538,71,88,0.17308232693391887
tezosExp_201,3426445,10,23,0.01470448439760281
tezosExp_37,6164844,89,52,0.07056914317789985
tezosExp_56,4706989,26,10,0.02670364637082903
tezosExp_260,3418058,106,26,0.07015552156177156
tezosExp_94,5114868,86,33,0.0468445870977968
tezosExp_97,6806388,120,34,0.08355536987522282
tezosExp_202,7362185,113,36,0.08754783163265306
tezosExp_34,2852780,12,53,0.03676660435773118
tezosExp_609,365163,75,26,0.0556379037479318
tezosExp_55,7003580,87,41,0.08812556458897923
tezosExp_668,4628601,50,14,0.03307760874732588
tezosExp_263,1704991,30,8,0.025797931494661922
tezosExp_1472,7430644,76,117,0.1577297221615124
tezosExp_990,3742612,11,124,0.15307275775990317
tezosExp_1079,1624498,50,113,0.0886763871653962
tezosExp_1626,411473,52,78,0.06152676035281805
tezosExp_1018,5313593,85,103,0.10468163740810671
tezosExp_1413,5233644,26,104,0.23761059308251112
tezosExp_952,6215998,74,69,0.1388381716322893
tezosExp_1493,5073392,28,74,0.12995887353228963
tezosExp_971,6604329,92,87,0.14728574304825395
tezosExp_1098,1950835,66,97,0.08992119514180179
tezosExp_1451,1576933,71,104,0.06855814111261872
tezosExp_1605,3615435,46,88,0.07647252793413425
tezosExp_1430,6901198,120,93,0.08114275978191147
tezosExp_221,5310367,78,50,0.06508370028021399
tezosExp_17,6242585,93,126,0.1182883924333853
tezosExp_76,2171557,79,33,0.06768237082066869
tezosExp_240,2048578,26,42,0.04940669248456977
tezosExp_689,7280207,92,18,0.07806005221932115
tezosExp_282,7094958,49,49,0.04860999732691794
tezosExp_281,7261977,95,44,0.10918501405331744
tezosExp_222,1272975,108,49,0.06586295924811471
tezosExp_14,2877186,40,23,0.029078243616287094
tezosExp_629,2282175,62,27,0.06493836132644272
tezosExp_75,363905,19,34,0.022184984186313973
tezosExp_648,711382,92,18,0.046599241177546165
tezosExp_243,1357512,9,27,0.014113015365361886
tezosExp_1452,5752879,19,91,0.15299352019288728
tezosExp_1059,4579949,97,92,0.08363093273483399
tezosExp_1606,279763,55,61,0.04912105602060528
tezosExp_1038,1966389,113,96,0.07313624868476917
tezosExp_1433,6549271,46,72,0.10691381751972487
tezosExp_972,5866701,75,125,0.1812419685327479
tezosExp_1173,7146526,27,112,0.1901822044323322
tezosExp_1578,4099272,40,94,0.13319841095489163
tezosExp_1346,3900439,24,125,0.23970874040840287
tezosExp_1519,4386008,80,62,0.0812746088854752
tezosExp_1327,2272946,81,116,0.12743225538441874
tezosExp_839,1641758,41,91,0.09918908956874309
tezosExp_858,1472642,119,99,0.09549817409766455
tezosExp_1384,6000228,49,100,0.20519944591546532
tezosExp_595,1644665,90,27,0.06473485578467271
tezosExp_703,5577675,119,23,0.07594326193058569
tezosExp_536,2384410,41,65,0.07533566433566433
tezosExp_369,4619553,79,36,0.0721260243357338
tezosExp_557,7036316,78,34,0.08815834796704039
tezosExp_762,7253852,53,43,0.08074978729438458
tezosExp_700,7175709,82,35,0.08968703311752989
tezosExp_535,535676,44,122,0.07421195353439115
tezosExp_554,1507436,94,46,0.04695115127674726
tezosExp_761,7258062,49,50,0.10362439024390244
tezosExp_596,6485205,98,27,0.07746256907852461
tezosExp_1170,649194,27,120,0.0936382271039604
tezosExp_899,1138188,103,112,0.100855315643427
tezosExp_1345,5891515,83,95,0.16578000817475816
tezosExp_1324,5064820,91,125,0.16751530490354177
tezosExp_865,2241538,43,60,0.10628741146904273
tezosExp_1587,380909,106,110,0.08550536665094022
tezosExp_804,563016,100,100,0.08465284744762468
tezosExp_1524,5370423,40,101,0.1618736455108359
tezosExp_1545,6733888,30,69,0.1593843852482596
tezosExp_354,6929294,54,10,0.06603487205218264
tezosExp_161,4161579,98,35,0.06684823254455156
tezosExp_100,4607119,105,20,0.0795207209521363
tezosExp_335,6696314,31,77,0.15241100747156522
tezosExp_396,4996372,108,30,0.06684878245244438
tezosExp_395,3498414,57,30,0.04196230392460785
tezosExp_569,7431964,54,18,0.049973554889222054
tezosExp_357,3549906,97,17,0.06607220145583317
tezosExp_162,806033,25,35,0.020266527956863206
tezosExp_103,7400142,25,8,0.03431720660802402
tezosExp_508,2779979,81,15,0.04083151689289607
tezosExp_336,4726435,103,86,0.09676414843386313
tezosExp_1319,7489073,66,118,0.20508551322782742
tezosExp_1527,6192261,113,96,0.0958653517321569
tezosExp_1378,3523179,14,89,0.20425791515454886
tezosExp_1546,3051720,38,63,0.09033655286013777
tezosExp_866,2841567,98,101,0.09780960613045411
tezosExp_1584,5493486,52,65,0.11670604380819116
tezosExp_1006,3968509,33,91,0.12960678845286425
tezosExp_1233,7275216,41,97,0.18782378604435035
tezosExp_1252,6143863,90,73,0.132736374692423
tezosExp_1067,2605077,108,101,0.07941753770413505
tezosExp_89,2175660,82,53,0.07615948650006853
tezosExp_481,2530924,17,31,0.015529934390377257
tezosExp_676,2098699,70,18,0.0487982248000703
tezosExp_443,226991,108,10,0.05141188197767146
tezosExp_422,5080237,115,55,0.05298418245355895
tezosExp_617,3460612,95,11,0.05456000895656068
tezosExp_48,5301562,15,40,0.057685391551008006
tezosExp_675,89525,69,29,0.026376537994402493
tezosExp_440,179177,82,51,0.050198357594330584
tezosExp_29,2477004,95,25,0.0650900265516097
tezosExp_614,5776709,58,20,0.05181797651309846
tezosExp_482,4157849,109,36,0.0537481149858624
tezosExp_1293,6256798,82,117,0.1904033267285431
tezosExp_1005,1575104,11,113,0.1545464783696818
tezosExp_1230,1027615,39,83,0.11038001660669804
tezosExp_1251,4066206,100,61,0.11770948253217757
tezosExp_1064,4028807,104,126,0.105982981693241
tezosExp_909,2836099,61,103,0.12211716588475881
tezosExp_1081,2093599,54,118,0.09835104611378569
tezosExp_968,2898437,52,83,0.13365903592034245
tezosExp_1448,3319126,19,79,0.12730913765822785
tezosExp_1276,7219997,92,123,0.17472090216958597
tezosExp_1043,6918169,68,92,0.14049197075059142
tezosExp_1022,2844830,14,85,0.1359995633187773
tezosExp_1429,4409452,71,92,0.1722288181327577
tezosExp_1217,2714324,78,88,0.11072055943647152
tezosExp_238,5284185,28,55,0.09766137391632114
tezosExp_406,4473473,67,9,0.044734181343770385
tezosExp_633,919867,100,13,0.05730476707863642
tezosExp_652,2352173,93,26,0.07880310740997763
tezosExp_259,624844,60,25,0.05029242424242424
tezosExp_467,2110234,23,11,0.02067270809359417
tezosExp_690,4112591,11,20,0.015294682769978826
tezosExp_693,1247805,70,11,0.03572100313479624
tezosExp_298,130586,19,108,0.061880452404848296
tezosExp_405,2309140,87,10,0.05573630136986301
tezosExp_630,2644023,59,27,0.057007428940568476
tezosExp_651,5921814,37,6,0.04365489874110563
tezosExp_464,1564875,49,16,0.0400553141050968
tezosExp_1275,827345,89,94,0.12383089133089133
tezosExp_1040,464150,104,112,0.06810850288699477
tezosExp_1021,358043,33,123,0.06545550235284404
tezosExp_1214,1979130,41,94,0.10771394040812532
tezosExp_1489,5657792,42,117,0.16021463774786177
tezosExp_1082,5454757,66,61,0.0924610234103905
tezosExp_883,5245026,113,94,0.11042405453424708
tezosExp_1561,1689514,53,89,0.08968536565050808
tezosExp_841,605823,9,69,0.08498106410493257
tezosExp_187,2898193,51,39,0.07370582120582121
tezosExp_124,4378868,56,13,0.035535042180402335
tezosExp_311,4361021,32,38,0.03147701284231514
tezosExp_370,4841742,62,24,0.03901350546915693
tezosExp_145,2552213,43,28,0.0345734918936713
tezosExp_127,469812,95,51,0.07528581481021565
tezosExp_719,3981574,116,7,0.06980764719680975
tezosExp_373,6583608,15,40,0.037987440191387556
tezosExp_146,1227557,87,33,0.06490519290084443
tezosExp_778,3665924,24,44,0.04587108913813459
tezosExp_184,174022,19,23,0.021933170280274986
tezosExp_842,2132590,69,61,0.10020534394813368
tezosExp_880,3244263,14,126,0.21035844061461792
tezosExp_1169,5722179,35,118,0.20115606267949038
tezosExp_1562,1431340,24,123,0.1170208034787765
tezosExp_1503,1566539,20,37,0.016228837405618347
tezosExp_1195,5423289,38,125,0.1965322218689806
tezosExp_8,4489446,90,24,0.058572099747018436
tezosExp_1303,6331443,37,124,0.21128396151628712
tezosExp_1136,1195161,48,84,0.09699841347327313
tezosExp_1362,2588378,25,114,0.18745330296127563
tezosExp_573,4733720,32,21,0.020860687978259313
tezosExp_746,2472891,106,27,0.08017778541953233
tezosExp_178,190951,103,52,0.06319882046227705
tezosExp_727,6900978,36,76,0.14965820098875618
tezosExp_119,3935044,7,39,0.03706927142317856
tezosExp_512,5312126,30,28,0.02422864773848923
tezosExp_784,4230600,72,36,0.03573693111272852
tezosExp_787,3544058,23,41,0.04321198190850448
tezosExp_570,484507,91,17,0.045307346326836584
tezosExp_745,564776,11,36,0.014428990882398393
tezosExp_724,550600,110,25,0.07921853671853672
tezosExp_511,5573627,110,46,0.0683062118902439
tezosExp_1300,3254992,12,103,0.19151300208412278
tezosExp_1135,2007496,48,103,0.1006315768960948
tezosExp_1154,4291588,10,75,0.1610728628800918
tezosExp_1361,844820,49,75,0.1349437995693051
tezosExp_1196,4055755,14,88,0.1841099285426731
tezosExp_1621,6348805,97,97,0.09987798506018501
tezosExp_1414,2287859,48,124,0.17460555489859872
tezosExp_1475,1792905,45,68,0.08014872339057175
tezosExp_997,2675341,69,117,0.08554970938408175
tezosExp_1289,1356110,91,78,0.12607205412888098
tezosExp_955,1003789,90,76,0.12622920371751478
tezosExp_934,5976399,111,98,0.1392100371747212
tezosExp_90,2684389,62,41,0.045985704984017994
tezosExp_498,3063807,26,10,0.021839542360060513
tezosExp_52,2149748,77,26,0.044393765215039224
tezosExp_264,2147313,56,9,0.045965796757611706
tezosExp_205,3463580,9,53,0.039955805696154714
tezosExp_33,1991091,110,30,0.06653678879952338
tezosExp_51,800522,21,28,0.01624568343065235
tezosExp_459,4995235,34,23,0.024620755853346384
tezosExp_267,3763899,10,12,0.017016978054567023
tezosExp_438,4606797,53,98,0.10970314852392485
tezosExp_206,3333761,109,14,0.07740850376749192
tezosExp_30,5458279,77,35,0.05676446183025131
tezosExp_93,3640164,112,25,0.056215679442508715
tezosExp_956,4838292,95,80,0.1266780857334919
tezosExp_937,1328548,51,85,0.1180566834309971
tezosExp_1622,2905971,81,88,0.0937987085906794
tezosExp_1229,3970678,118,95,0.11042324784494298
tezosExp_1417,5684133,42,109,0.23142297414052926
tezosExp_1248,4443144,83,72,0.11811060448586852
tezosExp_1476,7448747,93,117,0.13275291789911264
tezosExp_994,3176245,48,122,0.12535016579165514
tezosExp_1601,3149630,33,16,0.034946440342781805
tezosExp_1434,1539211,68,63,0.06288375908132177
tezosExp_975,6856595,74,92,0.10614457240872335
tezosExp_286,6037539,111,54,0.10289784567520766
tezosExp_72,2669724,9,94,0.16076216781128697
tezosExp_244,1838064,107,31,0.07884175074004712
tezosExp_225,5980127,70,31,0.07214755163946267
tezosExp_13,1409807,99,22,0.06208555304740406
tezosExp_71,5511984,74,29,0.06844815766923736
tezosExp_479,5182031,120,32,0.06962950382447665
tezosExp_247,3817164,20,42,0.02102233796296296
tezosExp_226,7261530,67,40,0.07751792734027388
tezosExp_10,3933591,42,24,0.02767236395172364
tezosExp_285,7318445,35,29,0.036669635847575335
tezosExp_1494,2454228,105,110,0.07433517825589855
tezosExp_976,3081952,20,108,0.15774406032798802
tezosExp_1602,2410307,114,110,0.08104064560417631
tezosExp_1209,2313452,14,66,0.13637056367432152
tezosExp_1437,715829,31,119,0.06389129252933448
tezosExp_1380,759426,40,120,0.12266104081206981
tezosExp_1323,5804247,67,64,0.14400947508488576
tezosExp_1116,5619703,38,66,0.13896999792373174
tezosExp_1177,7283534,92,39,0.0912887509968102
tezosExp_1342,293900,44,71,0.12186773615232444
tezosExp_553,6283617,116,44,0.08994575429888318
tezosExp_766,1812318,45,20,0.04140302569945563
tezosExp_158,3530293,114,87,0.08118298662254596
tezosExp_707,1451487,92,66,0.0817446209100794
tezosExp_139,6492760,100,118,0.12024073943164146
tezosExp_532,2099310,89,48,0.062124237211778684
tezosExp_591,1100636,20,22,0.04348228043143297
tezosExp_592,2060057,36,45,0.06706758941200243
tezosExp_199,7484548,106,40,0.0926897070668532
tezosExp_550,5310647,97,39,0.06367313285551054
tezosExp_765,1644628,22,16,0.022595332278481015
tezosExp_704,1222398,27,30,0.041024754565607516
tezosExp_1115,5433558,45,106,0.1811095874684287
tezosExp_1174,1110237,12,64,0.10430882352941177
tezosExp_1341,1934312,45,97,0.13349905324376718
tezosExp_1383,1199888,53,120,0.12838842719886312
tezosExp_1541,3326195,79,106,0.08694036719179556
tezosExp_1520,2624295,41,65,0.0868245347371543
tezosExp_800,3356106,94,73,0.08663748501943819
tezosExp_861,377303,12,65,0.08492665700833031
tezosExp_1188,5613749,42,84,0.15034248093633623
tezosExp_1583,867437,31,83,0.08448396662973343
tezosExp_392,5678113,103,55,0.10694733073567123
tezosExp_104,5448652,9,11,0.017602776915916846
tezosExp_331,6970943,78,102,0.14763830261017735
tezosExp_350,7074822,30,29,0.03640173410404624
tezosExp_165,6624668,109,18,0.08107805325987144
tezosExp_107,2935049,107,11,0.06677239427239427
tezosExp_739,7447401,12,6,0.033795171576070454
tezosExp_332,6160713,10,42,0.05023400644344724
tezosExp_353,2402965,29,29,0.027477388355002828
tezosExp_166,1117641,50,15,0.028045865989623577
tezosExp_758,1668465,65,36,0.08350400064656914
tezosExp_391,1537706,23,49,0.03542023056898475
tezosExp_803,4642380,79,110,0.11564821670986054
tezosExp_862,7379945,26,91,0.17983653218435827
tezosExp_1580,2738581,107,61,0.09351245938821799
tezosExp_1149,1565550,47,87,0.09934564809016906
tezosExp_1542,7009119,91,103,0.12300375195048828
tezosExp_1523,4105071,93,104,0.08609167629827427
tezosExp_1128,5142251,57,106,0.16035598585453914
tezosExp_929,6024593,44,90,0.1778778800199729
tezosExp_1294,4088408,24,67,0.1689498006524103
tezosExp_948,3907242,77,110,0.13648236661929983
tezosExp_1468,3272985,76,112,0.09403873337474031
tezosExp_1256,6795390,18,66,0.2003576794930424
tezosExp_1063,1686619,14,77,0.10509968392900558
tezosExp_1002,2998311,19,61,0.09724196721311476
tezosExp_1409,5946775,71,62,0.16743369298886646
tezosExp_1237,2387357,95,17,0.07177963906398412
tezosExp_218,1075981,50,25,0.053217672413793105
tezosExp_426,4231375,54,15,0.02593757860316928
tezosExp_613,3325165,55,6,0.04092980295566503
tezosExp_672,4125652,70,15,0.04000526899611758
tezosExp_279,2552522,87,28,0.06922789689231511
tezosExp_447,1306168,22,21,0.014135528214475583
tezosExp_485,456365,43,16,0.022051928234532506
tezosExp_486,3028672,41,6,0.024663461538461537
tezosExp_425,7222636,99,8,0.06970124057788946
tezosExp_610,6154694,89,35,0.07545977011494252
tezosExp_671,3507371,17,9,0.017630700778642934
tezosExp_444,3584480,97,15,0.05213469105604594
tezosExp_1255,3165829,94,90,0.1154203020532031
tezosExp_1060,3787526,18,83,0.14293712534518757
tezosExp_989,4634090,31,86,0.12467278100957029
tezosExp_1001,2827085,105,88,0.06592429539236548
tezosExp_1234,3686088,26,121,0.20507718871993666
tezosExp_1297,7054860,103,115,0.15936704404641208
tezosExp_379,1245911,13,7,0.011113741688494862
tezosExp_547,848525,81,33,0.053974729729729734
tezosExp_772,3814847,98,123,0.10462905879040266
tezosExp_713,3148086,14,13,0.014502497676579927
tezosExp_318,4398028,22,21,0.02138886748844376
tezosExp_526,6719876,13,45,0.12190950827594539
tezosExp_585,885450,63,19,0.031619309008718115
tezosExp_848,6094553,81,116,0.14707400047690963
tezosExp_1394,71365,12,90,0.08077631406475291
tezosExp_1337,5878282,14,50,0.04748626271626939
tezosExp_1102,901450,99,74,0.09257757811452327
tezosExp_1568,4804130,72,61,0.10245756206684796
tezosExp_1356,5780382,116,125,0.15465432233367254
tezosExp_1334,6648812,18,89,0.21320684673788887
tezosExp_1101,2954173,37,93,0.1187011370043225
tezosExp_1160,5263548,118,104,0.11960315370662922
tezosExp_889,6743629,95,76,0.12982303788066352
tezosExp_1355,3396688,41,118,0.19715522051009562
tezosExp_1397,5930070,92,108,0.19000322703427278
tezosExp_586,5857910,58,16,0.045183424565447036
tezosExp_544,6126930,65,34,0.08298042193400099
tezosExp_771,2680433,113,31,0.06667476137001684
tezosExp_710,3632675,78,36,0.04341603345402621
tezosExp_525,1505472,92,27,0.06085733882030179
tezosExp_699,5189038,29,22,0.030703604674192912
tezosExp_292,759198,120,18,0.052011999999999996
tezosExp_66,2293727,83,23,0.08305324074074075
tezosExp_250,7331020,95,25,0.10444755639097744
tezosExp_231,1959562,38,18,0.03438847429519071
tezosExp_1615,987302,64,57,0.07155232899860407
tezosExp_1420,6719175,99,79,0.17428155565905915
tezosExp_1483,1812953,83,105,0.07460798051962969
tezosExp_961,3060698,94,62,0.12595996633806203
tezosExp_1088,1045117,78,88,0.08951431229426077
tezosExp_900,3969341,83,66,0.11015763052208837
tezosExp_1480,7065477,39,91,0.1323561523256532
tezosExp_962,5016217,47,69,0.15111382046619276
tezosExp_903,3071547,40,84,0.1352410753156291
tezosExp_1616,6317375,86,69,0.0841662868775256
tezosExp_1028,2851466,104,74,0.07212010409889395
tezosExp_1423,949040,47,94,0.14366614664586583
tezosExp_1442,2278367,42,119,0.09080136555565538
tezosExp_1049,6339078,32,90,0.14266288279738656
tezosExp_65,2333745,102,64,0.0767844327905051
tezosExp_658,7369219,42,36,0.09404639175257733
tezosExp_253,2069109,97,55,0.07384870197960028
tezosExp_232,3309464,59,7,0.04998863940122961
tezosExp_639,4073843,106,59,0.06189253831632164
tezosExp_291,7057529,117,9,0.1011401339926623
tezosExp_607,1506749,86,71,0.07648399055180106
tezosExp_666,4168285,14,48,0.02173872053872054
tezosExp_453,2200399,52,20,0.03431926989826451
tezosExp_99,4169890,80,52,0.0596534178187404
tezosExp_491,3817590,9,26,0.013322727538093293
tezosExp_1280,6939532,17,94,0.225180759997473
tezosExp_1242,6495800,73,104,0.18236579165188602
tezosExp_1077,706853,110,109,0.07904904366112557
tezosExp_1016,5336352,38,101,0.15109228451663612
tezosExp_1628,255468,105,120,0.0755890106564297
tezosExp_1223,5478955,33,71,0.14996576291860722
tezosExp_1241,4259365,111,21,0.06362356603245663
tezosExp_1074,4058294,102,95,0.08084021555105918
tezosExp_1015,3425532,96,100,0.06988989475003132
tezosExp_1220,5895716,27,102,0.18570608185134518
tezosExp_1283,856093,14,66,0.113547062539482
tezosExp_492,2217460,62,31,0.030914523634582414
tezosExp_39,1013661,72,32,0.0533417840072342
tezosExp_604,6200928,11,30,0.022211213517665133
tezosExp_58,1900832,115,10,0.07369017094017094
tezosExp_665,5747691,115,56,0.09184588537309989
tezosExp_450,858151,114,56,0.06008480679067202
tezosExp_386,2900166,114,33,0.07679015342785006
tezosExp_110,4276810,86,6,0.058771095428045414
tezosExp_325,4887244,15,124,0.21656905875313048
tezosExp_344,4985320,33,53,0.07754308743778322
tezosExp_171,5334613,40,6,0.05665824915824916
tezosExp_1555,4876983,13,84,0.16913353101302742
tezosExp_1534,6551502,80,93,0.11888382943406384
tezosExp_1,2492646,116,37,0.07366134596908026
tezosExp_875,3749608,19,71,0.15573749543629062
tezosExp_1597,3258633,52,83,0.06532574049015186
tezosExp_2,7082645,109,40,0.0753745303220072
tezosExp_876,3512057,85,125,0.12461946835698433
tezosExp_1594,5557497,110,76,0.08279299033149172
tezosExp_1368,7070724,35,85,0.22815826981471152
tezosExp_1556,2288523,13,85,0.12742199177877428
tezosExp_1309,4196767,117,89,0.12934013886751808
tezosExp_1537,4970863,98,104,0.1059109466364642
tezosExp_113,206601,119,26,0.07441545189504373
tezosExp_518,4747720,25,34,0.021666471387730233
tezosExp_326,2356852,93,22,0.08018731231231231
tezosExp_579,1546201,7,30,0.01406952380952381
tezosExp_347,4392912,49,51,0.05752362820425647
tezosExp_172,3892304,91,20,0.07034299858557284
tezosExp_385,6462744,17,29,0.02758207802240247
tezosExp_598,965365,42,43,0.04515312821098299
tezosExp_193,5187132,90,27,0.05316052516137119
tezosExp_130,6429714,15,33,0.07303363469200122
tezosExp_305,3782092,48,21,0.02382043650793651
tezosExp_364,2651892,53,12,0.033341333333333334
tezosExp_151,813259,37,18,0.02143466914366596
tezosExp_897,1085741,119,119,0.09709457930975979
tezosExp_1575,6849174,12,75,0.16535862510486113
tezosExp_1514,5680271,33,105,0.1794089102392158
tezosExp_834,3491698,106,91,0.09222370960712284
tezosExp_855,44605,10,67,0.05641256590509666
tezosExp_837,5070857,70,125,0.15799164428528797
tezosExp_856,4916765,58,77,0.12363486842105265
tezosExp_894,3412089,108,107,0.09708437391605966
tezosExp_1348,6291926,102,73,0.15645900154249198
tezosExp_1576,3713590,55,116,0.14093433832456495
tezosExp_1329,2054948,90,62,0.1345394901946725
tezosExp_1517,5348365,37,66,0.11483506944444444
tezosExp_133,2438035,120,22,0.08553936567164179
tezosExp_538,3049803,47,44,0.03524061153293659
tezosExp_306,1919723,21,9,0.01394552319309601
tezosExp_559,596015,22,25,0.044492528735632184
tezosExp_367,4986347,9,12,0.018871752165223184
tezosExp_152,5283494,14,17,0.01820976067573909
tezosExp_190,4969357,92,50,0.0525315349544073
tezosExp_412,4160732,100,38,0.0616467216146246
tezosExp_627,1438263,117,94,0.07610462151974798
tezosExp_646,1092249,47,10,0.03198357963875205
tezosExp_473,322846,30,35,0.03373409547498326
tezosExp_684,6499918,67,27,0.08351724430852871
tezosExp_1095,6054413,29,101,0.19061432479727897
tezosExp_1036,2163741,50,65,0.0781272828576735
tezosExp_1608,6806003,59,124,0.17565966193442958
tezosExp_1203,4645398,106,117,0.12632384757399182
tezosExp_1054,2424589,60,80,0.08060585857744072
tezosExp_1035,6634902,23,73,0.16714822082679226
tezosExp_1200,2449786,42,121,0.14030750858337065
tezosExp_1096,4249285,29,83,0.1308407746723878
tezosExp_411,446549,53,81,0.06092533345349676
tezosExp_19,6159588,67,31,0.08807616008280145
tezosExp_624,6549689,50,12,0.04769262749445676
tezosExp_78,4188140,87,44,0.07863623271889401
tezosExp_645,4958909,10,12,0.016517586989409985
tezosExp_470,5556072,115,114,0.09018639585458842
tezosExp_84,1549267,100,8,0.06391349950641659
tezosExp_46,7157885,86,27,0.08608815586419753
tezosExp_270,2185580,43,28,0.03912077910257577
tezosExp_211,1746000,59,9,0.031028822055137847
tezosExp_27,3480361,80,37,0.06598944546256702
tezosExp_1400,1712500,26,65,0.14780270513076463
tezosExp_1461,2558918,118,35,0.06350918322724843
tezosExp_983,2920444,23,9,0.020006289308176103
tezosExp_941,4339054,50,99,0.1622912519820519
tezosExp_942,548206,115,63,0.11595333224614046
tezosExp_1008,2409916,62,30,0.06834452670544686
tezosExp_1403,3804216,93,63,0.15593635876302475
tezosExp_1462,69804,9,33,0.009908952763612013
tezosExp_980,72647,36,106,0.029646730669434355
tezosExp_1069,3760434,47,69,0.08898316140776699
tezosExp_45,3252118,66,31,0.056226284983853604
tezosExp_678,5771749,15,6,0.024990126382306476
tezosExp_273,6546134,81,13,0.07871241688349234
tezosExp_212,5153091,35,15,0.031374370997255256
tezosExp_24,1475034,61,38,0.05917046887194573
tezosExp_619,3565407,92,15,0.06625234936428967
tezosExp_87,4044858,85,36,0.044255608900378544
tezosExp_359,2239995,96,10,0.052226102322450355
tezosExp_567,3534854,19,31,0.03533726334882666
tezosExp_752,7435029,120,27,0.09564061552037946
tezosExp_733,1732714,34,53,0.03277029440277565
tezosExp_338,2421632,57,35,0.06361477029474724
tezosExp_790,3438204,45,35,0.04015863670008748
tezosExp_1181,3480234,87,81,0.10367725956625412
tezosExp_868,412192,102,110,0.08757401418642463
tezosExp_1529,2754627,97,94,0.080566027361105
tezosExp_1317,6015018,49,66,0.17086905931633656
tezosExp_1122,3917821,55,101,0.1307079673104588
tezosExp_1548,3820593,117,63,0.08661840744570838
tezosExp_1314,1483249,64,104,0.12542422737805062
tezosExp_1121,2502196,24,109,0.15518444110327667
tezosExp_1140,4553139,56,81,0.12264701068052543
tezosExp_1375,4704529,83,79,0.1414472032575085
tezosExp_1182,4611095,42,94,0.15785455665973347
tezosExp_1589,1420530,93,75,0.09545266246655736
tezosExp_398,5978748,76,57,0.05036463872934837
tezosExp_793,3478392,84,51,0.07270509226816164
tezosExp_564,3196547,85,125,0.09668283498876366
tezosExp_751,2109397,59,30,0.03951918780717867
tezosExp_730,2229312,120,49,0.06394622885979269
tezosExp_505,5317041,85,18,0.05228930041152264
tezosExp_581,6731140,114,6,0.09759713701431492
tezosExp_717,3231036,11,8,0.015039511494252871
tezosExp_129,6801085,31,33,0.10351813590449954
tezosExp_543,1005844,40,29,0.0455675377077529
tezosExp_776,3261290,73,84,0.08588051241727278
tezosExp_148,416207,80,27,0.04246290801186944
tezosExp_1167,6335142,49,117,0.1915166874610106
tezosExp_1352,2200693,12,65,0.1584589985486212
tezosExp_1333,4116202,88,119,0.15613944483118689
tezosExp_1393,2392029,68,81,0.15198289339732401
tezosExp_1164,3122902,28,104,0.15624407025941278
tezosExp_1351,5888253,109,65,0.14952459283830447
tezosExp_1330,1720276,13,68,0.13794000312891114
tezosExp_714,2328430,85,16,0.04374550784944203
tezosExp_521,128227,47,46,0.029836839325793247
tezosExp_540,5699257,111,51,0.07157397814244176
tezosExp_775,4880729,44,46,0.07135166969747066
tezosExp_582,4704118,81,18,0.04159253578732106
tezosExp_189,2737906,106,59,0.084130805351859
tezosExp_235,7406004,81,9,0.0798734702343912
tezosExp_62,4666557,86,27,0.07237597515716125
tezosExp_254,3223111,115,37,0.05937278901938588
tezosExp_296,1433493,29,40,0.04168993495828132
tezosExp_904,3051996,45,91,0.13650729990820476
tezosExp_1487,3742992,115,75,0.07584064194268532
tezosExp_965,4734528,10,122,0.18554766289572922
tezosExp_1611,4853910,103,73,0.10088756086764056
tezosExp_1424,3487611,109,88,0.15105044033557327
tezosExp_1278,2576582,79,110,0.12052236569056952
tezosExp_1446,2501294,68,85,0.06741099258848791
tezosExp_1612,3610664,90,53,0.0520969475494411
tezosExp_1219,2557226,105,120,0.10983630431322618
tezosExp_907,6937402,118,89,0.13081854703716103
tezosExp_1484,4372621,11,103,0.18324697150656885
tezosExp_966,1026254,92,106,0.1157823624761475
tezosExp_295,6755416,49,71,0.1309803063974656
tezosExp_408,1292520,27,11,0.02059153175591532
tezosExp_236,1828354,68,9,0.042828633630520425
tezosExp_61,2004891,80,8,0.04606891025641025
tezosExp_469,3164310,53,6,0.0410126582278481
tezosExp_257,532976,96,30,0.05942569444444445
tezosExp_495,3804382,102,27,0.05470096582466568
tezosExp_662,2518535,8,34,0.030478860294117647
tezosExp_269,5040415,57,30,0.0723214588634436
tezosExp_457,2041987,58,95,0.06872762660069849
tezosExp_208,4195045,29,6,0.024124748490945674
tezosExp_603,1422073,109,32,0.04922340476648088
tezosExp_1012,4172257,17,120,0.1619441943036509
tezosExp_1227,2026028,59,104,0.11318175885136238
tezosExp_1478,6483409,23,66,0.14282476039440115
tezosExp_1246,6670981,60,80,0.1572835950515756
tezosExp_1073,1928275,48,110,0.0962991185869298
tezosExp_1284,881884,55,72,0.12707839412360689
tezosExp_958,5889881,101,96,0.14370952117354
tezosExp_939,716608,70,83,0.11640097492076615
tezosExp_1287,2382669,54,118,0.14179476720470835
tezosExp_1011,2046041,62,74,0.07199687800192123
tezosExp_1224,7353410,34,98,0.1839115622266738
tezosExp_1245,7287248,21,110,0.23402562459186882
tezosExp_1070,2966950,22,122,0.16149054301403296
tezosExp_999,6912390,111,116,0.10835043758463313
tezosExp_661,4613787,116,72,0.0816257893346779
tezosExp_454,1805599,40,21,0.026466422466422466
tezosExp_435,1611425,62,27,0.031162492497408194
tezosExp_600,5932250,48,53,0.0631122633002705
tezosExp_496,5319300,56,18,0.0494580474934037
tezosExp_340,295277,43,38,0.03917423244008396
tezosExp_175,2228562,10,12,0.015013481631277385
tezosExp_114,5704985,24,29,0.02070924764890282
tezosExp_321,2564556,119,16,0.07882623647213513
tezosExp_382,2437722,49,14,0.023973655047350394
tezosExp_789,6465240,77,23,0.1117471081994063
tezosExp_871,1765743,91,115,0.09704034435868462
tezosExp_1198,6225733,56,102,0.14991659457121229
tezosExp_1593,763919,28,50,0.028186734336716833
tezosExp_5,2374372,22,34,0.0167930485803789
tezosExp_1530,4794820,28,61,0.11803494205154817
tezosExp_1551,4709091,119,64,0.08890028437516458
tezosExp_1533,7046423,39,74,0.13116332517207926
tezosExp_1138,3128485,73,115,0.11620090273859643
tezosExp_1159,5530047,116,93,0.10602195056661015
tezosExp_1552,2366128,86,119,0.08758425044470942
tezosExp_872,1015258,44,103,0.1008139938402811
tezosExp_1590,6136196,85,120,0.15205459705052152
tezosExp_6,4543608,34,45,0.05765414517743053
tezosExp_381,1865281,96,7,0.06135905702196252
tezosExp_343,4631419,47,49,0.10213679510900169
tezosExp_176,3127168,34,15,0.028086531986531986
tezosExp_748,2413149,33,22,0.05055328436807095
tezosExp_117,4915319,35,54,0.02967370315823924
tezosExp_729,4134220,49,53,0.0438176027246066
tezosExp_322,4276846,101,18,0.056453185371551806
tezosExp_360,2815440,32,74,0.11548160027008778
tezosExp_155,5652883,111,28,0.10245006558549964
tezosExp_134,7176834,102,33,0.07550211390201443
tezosExp_301,5501579,71,35,0.04827966683839945
tezosExp_197,5906387,88,104,0.11830463245598878
tezosExp_851,6759503,89,87,0.12858257310463275
tezosExp_830,4296681,120,65,0.09092924904234259
tezosExp_1510,191148,119,46,0.046012778643336534
tezosExp_893,3001018,96,113,0.10405685912407438
tezosExp_1571,5782353,45,71,0.11478741576188695
tezosExp_1513,2511385,76,70,0.08169588113597895
tezosExp_1118,917455,90,78,0.09665040263952578
tezosExp_890,1110768,71,88,0.10595801954814933
tezosExp_1179,634537,98,89,0.1038557698807941
tezosExp_1572,4135073,97,67,0.09487014460309778
tezosExp_852,826509,54,123,0.09396897590361446
tezosExp_833,1499032,73,81,0.09537331390225717
tezosExp_194,2467406,47,36,0.05317671394799054
tezosExp_363,606684,58,20,0.03802466170229802
tezosExp_156,3718055,89,35,0.04637491640393618
tezosExp_768,4489563,50,15,0.04594457587022643
tezosExp_137,3292538,72,39,0.08389365592910394
tezosExp_709,3286780,85,29,0.04680070926477107
tezosExp_680,2804467,105,8,0.0552068522906793
tezosExp_642,7438095,118,17,0.09779482497550548
tezosExp_249,2746122,11,24,0.016415981198589894
tezosExp_477,5217056,47,30,0.03114013933547696
tezosExp_228,3487137,83,36,0.060720527911539146
tezosExp_416,2256178,38,35,0.030032861792689033
tezosExp_623,4848545,36,9,0.027470057121798418
tezosExp_1032,5047231,24,62,0.1251089950607903
tezosExp_1439,4986561,61,85,0.09703058249135418
tezosExp_1207,6751260,114,122,0.14305136646842256
tezosExp_1458,7175225,72,126,0.1487945381514824
tezosExp_1053,5019695,63,82,0.10744833544928763
tezosExp_1091,5262475,91,111,0.11565201691493805
tezosExp_978,2805285,105,122,0.06653017376086005
tezosExp_1499,3945646,116,87,0.07952133143979924
tezosExp_1092,6461209,30,123,0.1695843087751511
tezosExp_1031,2173906,88,112,0.07372482197355035
tezosExp_1204,4321440,94,67,0.10916793796084415
tezosExp_1050,1529919,95,88,0.08138535593379725
tezosExp_641,5165647,24,8,0.022783045704532524
tezosExp_474,4340333,54,24,0.04446013071895425
tezosExp_415,5971126,82,34,0.08200203186480036
tezosExp_620,5981358,108,19,0.08089396589418453
tezosExp_288,7305981,92,114,0.13819773584351935
tezosExp_215,5376880,94,19,0.06431319175740124
tezosExp_23,2751713,104,27,0.06861163621088007
tezosExp_42,5109700,47,23,0.04522334293948126
tezosExp_274,1023977,30,7,0.02237469847225945
tezosExp_80,6944960,57,13,0.07137378861296184
tezosExp_488,1904343,7,20,0.012246478873239437
tezosExp_1299,1898454,50,57,0.06494039629274528
tezosExp_945,6857671,87,99,0.1640948776575148
tezosExp_1465,6311706,29,61,0.12388543219076006
tezosExp_987,3417796,70,15,0.04244213108567115
tezosExp_1631,6605479,66,53,0.09273017902813299
tezosExp_1404,7177140,109,70,0.17595828450902273
tezosExp_1258,1234612,115,80,0.11812442758079288
tezosExp_1466,6497376,13,73,0.15161039023684336
tezosExp_984,3409334,15,11,0.019521440823327615
tezosExp_1239,2604451,76,17,0.03911117819561842
tezosExp_1407,1871674,119,74,0.15290504096495222
tezosExp_946,4441241,64,92,0.14571185358586933
tezosExp_83,2318959,34,12,0.025125205254515597
tezosExp_216,1770318,84,19,0.04688124381243813
tezosExp_20,492493,53,28,0.04383633489797874
tezosExp_41,1715565,30,78,0.08100241170063793
tezosExp_449,5022069,91,53,0.052309640549404166
tezosExp_277,691204,18,12,0.015428001876172607
tezosExp_737,4514676,11,11,0.01867520661157025
tezosExp_109,4421030,91,11,0.05719780219780219
tezosExp_502,6714523,95,91,0.0852707469098107
tezosExp_563,6201530,58,52,0.08215521479933624
tezosExp_756,6410627,100,26,0.08333292810003474
tezosExp_168,6411253,75,7,0.06568026004728132
tezosExp_1147,1563504,71,101,0.09764703826908562
tezosExp_1372,4297108,109,75,0.14290260520059797
tezosExp_1313,3669571,118,115,0.1268994330590226
tezosExp_1126,5108285,101,100,0.11836770312853635
tezosExp_1185,3992409,17,117,0.1839193968489058
tezosExp_1186,6536153,113,79,0.11969188075172935
tezosExp_1144,2977822,108,86,0.09658991039117698
tezosExp_1371,7174408,89,60,0.1712576656278275
tezosExp_1310,5226910,104,91,0.13734071499908282
tezosExp_1125,2702134,8,121,0.18122875129412552
tezosExp_734,2828102,48,10,0.04051118792068401
tezosExp_501,3639493,24,13,0.022643648826017212
tezosExp_560,591017,11,34,0.03912694388100067
tezosExp_755,2371295,73,26,0.04394086618545253
